<application>
  <component name="ProjectJdkTable">
    <jdk version="2">
      <name value="1.8" />
      <type value="JavaSDK" />
      <version value="java version &quot;1.8.0_262&quot;" />
      <homePath value="$USER_HOME$/.sdkman/candidates/java/8.0.262.hs-adpt" />
      <roots>
        <annotationsPath>
          <root type="composite">
            <root url="jar://$APPLICATION_HOME_DIR$/plugins/java/lib/jdkAnnotations.jar!/" type="simple" />
          </root>
        </annotationsPath>
        <classPath>
          <root type="composite">
            <root url="jar://$USER_HOME$/.sdkman/candidates/java/8.0.262.hs-adpt/jre/lib/charsets.jar!/" type="simple" />
            <root url="jar://$USER_HOME$/.sdkman/candidates/java/8.0.262.hs-adpt/jre/lib/ext/cldrdata.jar!/" type="simple" />
            <root url="jar://$USER_HOME$/.sdkman/candidates/java/8.0.262.hs-adpt/jre/lib/ext/dnsns.jar!/" type="simple" />
            <root url="jar://$USER_HOME$/.sdkman/candidates/java/8.0.262.hs-adpt/jre/lib/ext/jaccess.jar!/" type="simple" />
            <root url="jar://$USER_HOME$/.sdkman/candidates/java/8.0.262.hs-adpt/jre/lib/ext/localedata.jar!/" type="simple" />
            <root url="jar://$USER_HOME$/.sdkman/candidates/java/8.0.262.hs-adpt/jre/lib/ext/nashorn.jar!/" type="simple" />
            <root url="jar://$USER_HOME$/.sdkman/candidates/java/8.0.262.hs-adpt/jre/lib/ext/sunec.jar!/" type="simple" />
            <root url="jar://$USER_HOME$/.sdkman/candidates/java/8.0.262.hs-adpt/jre/lib/ext/sunjce_provider.jar!/" type="simple" />
            <root url="jar://$USER_HOME$/.sdkman/candidates/java/8.0.262.hs-adpt/jre/lib/ext/sunpkcs11.jar!/" type="simple" />
            <root url="jar://$USER_HOME$/.sdkman/candidates/java/8.0.262.hs-adpt/jre/lib/ext/zipfs.jar!/" type="simple" />
            <root url="jar://$USER_HOME$/.sdkman/candidates/java/8.0.262.hs-adpt/jre/lib/jce.jar!/" type="simple" />
            <root url="jar://$USER_HOME$/.sdkman/candidates/java/8.0.262.hs-adpt/jre/lib/jfr.jar!/" type="simple" />
            <root url="jar://$USER_HOME$/.sdkman/candidates/java/8.0.262.hs-adpt/jre/lib/jsse.jar!/" type="simple" />
            <root url="jar://$USER_HOME$/.sdkman/candidates/java/8.0.262.hs-adpt/jre/lib/management-agent.jar!/" type="simple" />
            <root url="jar://$USER_HOME$/.sdkman/candidates/java/8.0.262.hs-adpt/jre/lib/resources.jar!/" type="simple" />
            <root url="jar://$USER_HOME$/.sdkman/candidates/java/8.0.262.hs-adpt/jre/lib/rt.jar!/" type="simple" />
          </root>
        </classPath>
        <javadocPath>
          <root type="composite" />
        </javadocPath>
        <sourcePath>
          <root type="composite">
            <root url="jar://$USER_HOME$/.sdkman/candidates/java/8.0.262.hs-adpt/src.zip!/" type="simple" />
          </root>
        </sourcePath>
      </roots>
      <additional />
    </jdk>
    <jdk version="2">
      <name value="11" />
      <type value="JavaSDK" />
      <version value="java version &quot;11.0.8&quot;" />
      <homePath value="$USER_HOME$/.sdkman/candidates/java/11.0.8.hs-adpt" />
      <roots>
        <annotationsPath>
          <root type="composite">
            <root url="jar://$APPLICATION_HOME_DIR$/plugins/java/lib/jdkAnnotations.jar!/" type="simple" />
          </root>
        </annotationsPath>
        <classPath>
          <root type="composite">
            <root url="jrt:///home/najmul/.sdkman/candidates/java/11.0.8.hs-adpt!/java.base" type="simple" />
            <root url="jrt:///home/najmul/.sdkman/candidates/java/11.0.8.hs-adpt!/java.compiler" type="simple" />
            <root url="jrt:///home/najmul/.sdkman/candidates/java/11.0.8.hs-adpt!/java.datatransfer" type="simple" />
            <root url="jrt:///home/najmul/.sdkman/candidates/java/11.0.8.hs-adpt!/java.desktop" type="simple" />
            <root url="jrt:///home/najmul/.sdkman/candidates/java/11.0.8.hs-adpt!/java.instrument" type="simple" />
            <root url="jrt:///home/najmul/.sdkman/candidates/java/11.0.8.hs-adpt!/java.logging" type="simple" />
            <root url="jrt:///home/najmul/.sdkman/candidates/java/11.0.8.hs-adpt!/java.management" type="simple" />
            <root url="jrt:///home/najmul/.sdkman/candidates/java/11.0.8.hs-adpt!/java.management.rmi" type="simple" />
            <root url="jrt:///home/najmul/.sdkman/candidates/java/11.0.8.hs-adpt!/java.naming" type="simple" />
            <root url="jrt:///home/najmul/.sdkman/candidates/java/11.0.8.hs-adpt!/java.net.http" type="simple" />
            <root url="jrt:///home/najmul/.sdkman/candidates/java/11.0.8.hs-adpt!/java.prefs" type="simple" />
            <root url="jrt:///home/najmul/.sdkman/candidates/java/11.0.8.hs-adpt!/java.rmi" type="simple" />
            <root url="jrt:///home/najmul/.sdkman/candidates/java/11.0.8.hs-adpt!/java.scripting" type="simple" />
            <root url="jrt:///home/najmul/.sdkman/candidates/java/11.0.8.hs-adpt!/java.se" type="simple" />
            <root url="jrt:///home/najmul/.sdkman/candidates/java/11.0.8.hs-adpt!/java.security.jgss" type="simple" />
            <root url="jrt:///home/najmul/.sdkman/candidates/java/11.0.8.hs-adpt!/java.security.sasl" type="simple" />
            <root url="jrt:///home/najmul/.sdkman/candidates/java/11.0.8.hs-adpt!/java.smartcardio" type="simple" />
            <root url="jrt:///home/najmul/.sdkman/candidates/java/11.0.8.hs-adpt!/java.sql" type="simple" />
            <root url="jrt:///home/najmul/.sdkman/candidates/java/11.0.8.hs-adpt!/java.sql.rowset" type="simple" />
            <root url="jrt:///home/najmul/.sdkman/candidates/java/11.0.8.hs-adpt!/java.transaction.xa" type="simple" />
            <root url="jrt:///home/najmul/.sdkman/candidates/java/11.0.8.hs-adpt!/java.xml" type="simple" />
            <root url="jrt:///home/najmul/.sdkman/candidates/java/11.0.8.hs-adpt!/java.xml.crypto" type="simple" />
            <root url="jrt:///home/najmul/.sdkman/candidates/java/11.0.8.hs-adpt!/jdk.accessibility" type="simple" />
            <root url="jrt:///home/najmul/.sdkman/candidates/java/11.0.8.hs-adpt!/jdk.aot" type="simple" />
            <root url="jrt:///home/najmul/.sdkman/candidates/java/11.0.8.hs-adpt!/jdk.attach" type="simple" />
            <root url="jrt:///home/najmul/.sdkman/candidates/java/11.0.8.hs-adpt!/jdk.charsets" type="simple" />
            <root url="jrt:///home/najmul/.sdkman/candidates/java/11.0.8.hs-adpt!/jdk.compiler" type="simple" />
            <root url="jrt:///home/najmul/.sdkman/candidates/java/11.0.8.hs-adpt!/jdk.crypto.cryptoki" type="simple" />
            <root url="jrt:///home/najmul/.sdkman/candidates/java/11.0.8.hs-adpt!/jdk.crypto.ec" type="simple" />
            <root url="jrt:///home/najmul/.sdkman/candidates/java/11.0.8.hs-adpt!/jdk.dynalink" type="simple" />
            <root url="jrt:///home/najmul/.sdkman/candidates/java/11.0.8.hs-adpt!/jdk.editpad" type="simple" />
            <root url="jrt:///home/najmul/.sdkman/candidates/java/11.0.8.hs-adpt!/jdk.hotspot.agent" type="simple" />
            <root url="jrt:///home/najmul/.sdkman/candidates/java/11.0.8.hs-adpt!/jdk.httpserver" type="simple" />
            <root url="jrt:///home/najmul/.sdkman/candidates/java/11.0.8.hs-adpt!/jdk.internal.ed" type="simple" />
            <root url="jrt:///home/najmul/.sdkman/candidates/java/11.0.8.hs-adpt!/jdk.internal.jvmstat" type="simple" />
            <root url="jrt:///home/najmul/.sdkman/candidates/java/11.0.8.hs-adpt!/jdk.internal.le" type="simple" />
            <root url="jrt:///home/najmul/.sdkman/candidates/java/11.0.8.hs-adpt!/jdk.internal.opt" type="simple" />
            <root url="jrt:///home/najmul/.sdkman/candidates/java/11.0.8.hs-adpt!/jdk.internal.vm.ci" type="simple" />
            <root url="jrt:///home/najmul/.sdkman/candidates/java/11.0.8.hs-adpt!/jdk.internal.vm.compiler" type="simple" />
            <root url="jrt:///home/najmul/.sdkman/candidates/java/11.0.8.hs-adpt!/jdk.internal.vm.compiler.management" type="simple" />
            <root url="jrt:///home/najmul/.sdkman/candidates/java/11.0.8.hs-adpt!/jdk.jartool" type="simple" />
            <root url="jrt:///home/najmul/.sdkman/candidates/java/11.0.8.hs-adpt!/jdk.javadoc" type="simple" />
            <root url="jrt:///home/najmul/.sdkman/candidates/java/11.0.8.hs-adpt!/jdk.jcmd" type="simple" />
            <root url="jrt:///home/najmul/.sdkman/candidates/java/11.0.8.hs-adpt!/jdk.jconsole" type="simple" />
            <root url="jrt:///home/najmul/.sdkman/candidates/java/11.0.8.hs-adpt!/jdk.jdeps" type="simple" />
            <root url="jrt:///home/najmul/.sdkman/candidates/java/11.0.8.hs-adpt!/jdk.jdi" type="simple" />
            <root url="jrt:///home/najmul/.sdkman/candidates/java/11.0.8.hs-adpt!/jdk.jdwp.agent" type="simple" />
            <root url="jrt:///home/najmul/.sdkman/candidates/java/11.0.8.hs-adpt!/jdk.jfr" type="simple" />
            <root url="jrt:///home/najmul/.sdkman/candidates/java/11.0.8.hs-adpt!/jdk.jlink" type="simple" />
            <root url="jrt:///home/najmul/.sdkman/candidates/java/11.0.8.hs-adpt!/jdk.jshell" type="simple" />
            <root url="jrt:///home/najmul/.sdkman/candidates/java/11.0.8.hs-adpt!/jdk.jsobject" type="simple" />
            <root url="jrt:///home/najmul/.sdkman/candidates/java/11.0.8.hs-adpt!/jdk.jstatd" type="simple" />
            <root url="jrt:///home/najmul/.sdkman/candidates/java/11.0.8.hs-adpt!/jdk.localedata" type="simple" />
            <root url="jrt:///home/najmul/.sdkman/candidates/java/11.0.8.hs-adpt!/jdk.management" type="simple" />
            <root url="jrt:///home/najmul/.sdkman/candidates/java/11.0.8.hs-adpt!/jdk.management.agent" type="simple" />
            <root url="jrt:///home/najmul/.sdkman/candidates/java/11.0.8.hs-adpt!/jdk.management.jfr" type="simple" />
            <root url="jrt:///home/najmul/.sdkman/candidates/java/11.0.8.hs-adpt!/jdk.naming.dns" type="simple" />
            <root url="jrt:///home/najmul/.sdkman/candidates/java/11.0.8.hs-adpt!/jdk.naming.rmi" type="simple" />
            <root url="jrt:///home/najmul/.sdkman/candidates/java/11.0.8.hs-adpt!/jdk.net" type="simple" />
            <root url="jrt:///home/najmul/.sdkman/candidates/java/11.0.8.hs-adpt!/jdk.pack" type="simple" />
            <root url="jrt:///home/najmul/.sdkman/candidates/java/11.0.8.hs-adpt!/jdk.rmic" type="simple" />
            <root url="jrt:///home/najmul/.sdkman/candidates/java/11.0.8.hs-adpt!/jdk.scripting.nashorn" type="simple" />
            <root url="jrt:///home/najmul/.sdkman/candidates/java/11.0.8.hs-adpt!/jdk.scripting.nashorn.shell" type="simple" />
            <root url="jrt:///home/najmul/.sdkman/candidates/java/11.0.8.hs-adpt!/jdk.sctp" type="simple" />
            <root url="jrt:///home/najmul/.sdkman/candidates/java/11.0.8.hs-adpt!/jdk.security.auth" type="simple" />
            <root url="jrt:///home/najmul/.sdkman/candidates/java/11.0.8.hs-adpt!/jdk.security.jgss" type="simple" />
            <root url="jrt:///home/najmul/.sdkman/candidates/java/11.0.8.hs-adpt!/jdk.unsupported" type="simple" />
            <root url="jrt:///home/najmul/.sdkman/candidates/java/11.0.8.hs-adpt!/jdk.unsupported.desktop" type="simple" />
            <root url="jrt:///home/najmul/.sdkman/candidates/java/11.0.8.hs-adpt!/jdk.xml.dom" type="simple" />
            <root url="jrt:///home/najmul/.sdkman/candidates/java/11.0.8.hs-adpt!/jdk.zipfs" type="simple" />
          </root>
        </classPath>
        <javadocPath>
          <root type="composite" />
        </javadocPath>
        <sourcePath>
          <root type="composite">
            <root url="jar://$USER_HOME$/.sdkman/candidates/java/11.0.8.hs-adpt/lib/src.zip!/java.se" type="simple" />
            <root url="jar://$USER_HOME$/.sdkman/candidates/java/11.0.8.hs-adpt/lib/src.zip!/jdk.aot" type="simple" />
            <root url="jar://$USER_HOME$/.sdkman/candidates/java/11.0.8.hs-adpt/lib/src.zip!/jdk.jdi" type="simple" />
            <root url="jar://$USER_HOME$/.sdkman/candidates/java/11.0.8.hs-adpt/lib/src.zip!/jdk.jfr" type="simple" />
            <root url="jar://$USER_HOME$/.sdkman/candidates/java/11.0.8.hs-adpt/lib/src.zip!/jdk.net" type="simple" />
            <root url="jar://$USER_HOME$/.sdkman/candidates/java/11.0.8.hs-adpt/lib/src.zip!/java.rmi" type="simple" />
            <root url="jar://$USER_HOME$/.sdkman/candidates/java/11.0.8.hs-adpt/lib/src.zip!/java.sql" type="simple" />
            <root url="jar://$USER_HOME$/.sdkman/candidates/java/11.0.8.hs-adpt/lib/src.zip!/java.xml" type="simple" />
            <root url="jar://$USER_HOME$/.sdkman/candidates/java/11.0.8.hs-adpt/lib/src.zip!/jdk.jcmd" type="simple" />
            <root url="jar://$USER_HOME$/.sdkman/candidates/java/11.0.8.hs-adpt/lib/src.zip!/jdk.pack" type="simple" />
            <root url="jar://$USER_HOME$/.sdkman/candidates/java/11.0.8.hs-adpt/lib/src.zip!/jdk.rmic" type="simple" />
            <root url="jar://$USER_HOME$/.sdkman/candidates/java/11.0.8.hs-adpt/lib/src.zip!/jdk.sctp" type="simple" />
            <root url="jar://$USER_HOME$/.sdkman/candidates/java/11.0.8.hs-adpt/lib/src.zip!/java.base" type="simple" />
            <root url="jar://$USER_HOME$/.sdkman/candidates/java/11.0.8.hs-adpt/lib/src.zip!/jdk.jdeps" type="simple" />
            <root url="jar://$USER_HOME$/.sdkman/candidates/java/11.0.8.hs-adpt/lib/src.zip!/jdk.jlink" type="simple" />
            <root url="jar://$USER_HOME$/.sdkman/candidates/java/11.0.8.hs-adpt/lib/src.zip!/jdk.zipfs" type="simple" />
            <root url="jar://$USER_HOME$/.sdkman/candidates/java/11.0.8.hs-adpt/lib/src.zip!/java.prefs" type="simple" />
            <root url="jar://$USER_HOME$/.sdkman/candidates/java/11.0.8.hs-adpt/lib/src.zip!/jdk.attach" type="simple" />
            <root url="jar://$USER_HOME$/.sdkman/candidates/java/11.0.8.hs-adpt/lib/src.zip!/jdk.jshell" type="simple" />
            <root url="jar://$USER_HOME$/.sdkman/candidates/java/11.0.8.hs-adpt/lib/src.zip!/jdk.jstatd" type="simple" />
            <root url="jar://$USER_HOME$/.sdkman/candidates/java/11.0.8.hs-adpt/lib/src.zip!/java.naming" type="simple" />
            <root url="jar://$USER_HOME$/.sdkman/candidates/java/11.0.8.hs-adpt/lib/src.zip!/jdk.editpad" type="simple" />
            <root url="jar://$USER_HOME$/.sdkman/candidates/java/11.0.8.hs-adpt/lib/src.zip!/jdk.jartool" type="simple" />
            <root url="jar://$USER_HOME$/.sdkman/candidates/java/11.0.8.hs-adpt/lib/src.zip!/jdk.javadoc" type="simple" />
            <root url="jar://$USER_HOME$/.sdkman/candidates/java/11.0.8.hs-adpt/lib/src.zip!/jdk.xml.dom" type="simple" />
            <root url="jar://$USER_HOME$/.sdkman/candidates/java/11.0.8.hs-adpt/lib/src.zip!/java.desktop" type="simple" />
            <root url="jar://$USER_HOME$/.sdkman/candidates/java/11.0.8.hs-adpt/lib/src.zip!/java.logging" type="simple" />
            <root url="jar://$USER_HOME$/.sdkman/candidates/java/11.0.8.hs-adpt/lib/src.zip!/jdk.charsets" type="simple" />
            <root url="jar://$USER_HOME$/.sdkman/candidates/java/11.0.8.hs-adpt/lib/src.zip!/jdk.compiler" type="simple" />
            <root url="jar://$USER_HOME$/.sdkman/candidates/java/11.0.8.hs-adpt/lib/src.zip!/jdk.dynalink" type="simple" />
            <root url="jar://$USER_HOME$/.sdkman/candidates/java/11.0.8.hs-adpt/lib/src.zip!/jdk.jconsole" type="simple" />
            <root url="jar://$USER_HOME$/.sdkman/candidates/java/11.0.8.hs-adpt/lib/src.zip!/jdk.jsobject" type="simple" />
            <root url="jar://$USER_HOME$/.sdkman/candidates/java/11.0.8.hs-adpt/lib/src.zip!/java.compiler" type="simple" />
            <root url="jar://$USER_HOME$/.sdkman/candidates/java/11.0.8.hs-adpt/lib/src.zip!/java.net.http" type="simple" />
            <root url="jar://$USER_HOME$/.sdkman/candidates/java/11.0.8.hs-adpt/lib/src.zip!/jdk.crypto.ec" type="simple" />
            <root url="jar://$USER_HOME$/.sdkman/candidates/java/11.0.8.hs-adpt/lib/src.zip!/java.scripting" type="simple" />
            <root url="jar://$USER_HOME$/.sdkman/candidates/java/11.0.8.hs-adpt/lib/src.zip!/jdk.httpserver" type="simple" />
            <root url="jar://$USER_HOME$/.sdkman/candidates/java/11.0.8.hs-adpt/lib/src.zip!/jdk.jdwp.agent" type="simple" />
            <root url="jar://$USER_HOME$/.sdkman/candidates/java/11.0.8.hs-adpt/lib/src.zip!/jdk.localedata" type="simple" />
            <root url="jar://$USER_HOME$/.sdkman/candidates/java/11.0.8.hs-adpt/lib/src.zip!/jdk.management" type="simple" />
            <root url="jar://$USER_HOME$/.sdkman/candidates/java/11.0.8.hs-adpt/lib/src.zip!/jdk.naming.dns" type="simple" />
            <root url="jar://$USER_HOME$/.sdkman/candidates/java/11.0.8.hs-adpt/lib/src.zip!/jdk.naming.rmi" type="simple" />
            <root url="jar://$USER_HOME$/.sdkman/candidates/java/11.0.8.hs-adpt/lib/src.zip!/java.instrument" type="simple" />
            <root url="jar://$USER_HOME$/.sdkman/candidates/java/11.0.8.hs-adpt/lib/src.zip!/java.management" type="simple" />
            <root url="jar://$USER_HOME$/.sdkman/candidates/java/11.0.8.hs-adpt/lib/src.zip!/java.sql.rowset" type="simple" />
            <root url="jar://$USER_HOME$/.sdkman/candidates/java/11.0.8.hs-adpt/lib/src.zip!/java.xml.crypto" type="simple" />
            <root url="jar://$USER_HOME$/.sdkman/candidates/java/11.0.8.hs-adpt/lib/src.zip!/jdk.internal.ed" type="simple" />
            <root url="jar://$USER_HOME$/.sdkman/candidates/java/11.0.8.hs-adpt/lib/src.zip!/jdk.internal.le" type="simple" />
            <root url="jar://$USER_HOME$/.sdkman/candidates/java/11.0.8.hs-adpt/lib/src.zip!/jdk.unsupported" type="simple" />
            <root url="jar://$USER_HOME$/.sdkman/candidates/java/11.0.8.hs-adpt/lib/src.zip!/java.smartcardio" type="simple" />
            <root url="jar://$USER_HOME$/.sdkman/candidates/java/11.0.8.hs-adpt/lib/src.zip!/jdk.internal.opt" type="simple" />
            <root url="jar://$USER_HOME$/.sdkman/candidates/java/11.0.8.hs-adpt/lib/src.zip!/java.datatransfer" type="simple" />
            <root url="jar://$USER_HOME$/.sdkman/candidates/java/11.0.8.hs-adpt/lib/src.zip!/jdk.accessibility" type="simple" />
            <root url="jar://$USER_HOME$/.sdkman/candidates/java/11.0.8.hs-adpt/lib/src.zip!/jdk.hotspot.agent" type="simple" />
            <root url="jar://$USER_HOME$/.sdkman/candidates/java/11.0.8.hs-adpt/lib/src.zip!/jdk.security.auth" type="simple" />
            <root url="jar://$USER_HOME$/.sdkman/candidates/java/11.0.8.hs-adpt/lib/src.zip!/jdk.security.jgss" type="simple" />
            <root url="jar://$USER_HOME$/.sdkman/candidates/java/11.0.8.hs-adpt/lib/src.zip!/java.security.jgss" type="simple" />
            <root url="jar://$USER_HOME$/.sdkman/candidates/java/11.0.8.hs-adpt/lib/src.zip!/java.security.sasl" type="simple" />
            <root url="jar://$USER_HOME$/.sdkman/candidates/java/11.0.8.hs-adpt/lib/src.zip!/jdk.internal.vm.ci" type="simple" />
            <root url="jar://$USER_HOME$/.sdkman/candidates/java/11.0.8.hs-adpt/lib/src.zip!/jdk.management.jfr" type="simple" />
            <root url="jar://$USER_HOME$/.sdkman/candidates/java/11.0.8.hs-adpt/lib/src.zip!/java.management.rmi" type="simple" />
            <root url="jar://$USER_HOME$/.sdkman/candidates/java/11.0.8.hs-adpt/lib/src.zip!/java.transaction.xa" type="simple" />
            <root url="jar://$USER_HOME$/.sdkman/candidates/java/11.0.8.hs-adpt/lib/src.zip!/jdk.crypto.cryptoki" type="simple" />
            <root url="jar://$USER_HOME$/.sdkman/candidates/java/11.0.8.hs-adpt/lib/src.zip!/jdk.internal.jvmstat" type="simple" />
            <root url="jar://$USER_HOME$/.sdkman/candidates/java/11.0.8.hs-adpt/lib/src.zip!/jdk.management.agent" type="simple" />
            <root url="jar://$USER_HOME$/.sdkman/candidates/java/11.0.8.hs-adpt/lib/src.zip!/jdk.scripting.nashorn" type="simple" />
            <root url="jar://$USER_HOME$/.sdkman/candidates/java/11.0.8.hs-adpt/lib/src.zip!/jdk.unsupported.desktop" type="simple" />
            <root url="jar://$USER_HOME$/.sdkman/candidates/java/11.0.8.hs-adpt/lib/src.zip!/jdk.internal.vm.compiler" type="simple" />
            <root url="jar://$USER_HOME$/.sdkman/candidates/java/11.0.8.hs-adpt/lib/src.zip!/jdk.scripting.nashorn.shell" type="simple" />
            <root url="jar://$USER_HOME$/.sdkman/candidates/java/11.0.8.hs-adpt/lib/src.zip!/jdk.internal.vm.compiler.management" type="simple" />
          </root>
        </sourcePath>
      </roots>
      <additional />
    </jdk>
    <jdk version="2">
      <name value="Kotlin SDK" />
      <type value="KotlinSDK" />
      <version value="1.4.30" />
      <homePath value="$KOTLIN_BUNDLED$" />
      <roots>
        <annotationsPath>
          <root type="composite" />
        </annotationsPath>
        <classPath>
          <root type="composite" />
        </classPath>
        <javadocPath>
          <root type="composite" />
        </javadocPath>
        <sourcePath>
          <root type="composite" />
        </sourcePath>
      </roots>
      <additional />
    </jdk>
    <jdk version="2">
      <name value="11 Adopt JDK" />
      <type value="JavaSDK" />
      <version value="java version &quot;11.0.8&quot;" />
      <homePath value="$USER_HOME$/.sdkman/candidates/java/11.0.8.hs-adpt" />
      <roots>
        <annotationsPath>
          <root type="composite">
            <root url="jar://$APPLICATION_HOME_DIR$/plugins/java/lib/jdkAnnotations.jar!/" type="simple" />
          </root>
        </annotationsPath>
        <classPath>
          <root type="composite">
            <root url="jrt:///home/najmul/.sdkman/candidates/java/11.0.8.hs-adpt!/java.base" type="simple" />
            <root url="jrt:///home/najmul/.sdkman/candidates/java/11.0.8.hs-adpt!/java.compiler" type="simple" />
            <root url="jrt:///home/najmul/.sdkman/candidates/java/11.0.8.hs-adpt!/java.datatransfer" type="simple" />
            <root url="jrt:///home/najmul/.sdkman/candidates/java/11.0.8.hs-adpt!/java.desktop" type="simple" />
            <root url="jrt:///home/najmul/.sdkman/candidates/java/11.0.8.hs-adpt!/java.instrument" type="simple" />
            <root url="jrt:///home/najmul/.sdkman/candidates/java/11.0.8.hs-adpt!/java.logging" type="simple" />
            <root url="jrt:///home/najmul/.sdkman/candidates/java/11.0.8.hs-adpt!/java.management" type="simple" />
            <root url="jrt:///home/najmul/.sdkman/candidates/java/11.0.8.hs-adpt!/java.management.rmi" type="simple" />
            <root url="jrt:///home/najmul/.sdkman/candidates/java/11.0.8.hs-adpt!/java.naming" type="simple" />
            <root url="jrt:///home/najmul/.sdkman/candidates/java/11.0.8.hs-adpt!/java.net.http" type="simple" />
            <root url="jrt:///home/najmul/.sdkman/candidates/java/11.0.8.hs-adpt!/java.prefs" type="simple" />
            <root url="jrt:///home/najmul/.sdkman/candidates/java/11.0.8.hs-adpt!/java.rmi" type="simple" />
            <root url="jrt:///home/najmul/.sdkman/candidates/java/11.0.8.hs-adpt!/java.scripting" type="simple" />
            <root url="jrt:///home/najmul/.sdkman/candidates/java/11.0.8.hs-adpt!/java.se" type="simple" />
            <root url="jrt:///home/najmul/.sdkman/candidates/java/11.0.8.hs-adpt!/java.security.jgss" type="simple" />
            <root url="jrt:///home/najmul/.sdkman/candidates/java/11.0.8.hs-adpt!/java.security.sasl" type="simple" />
            <root url="jrt:///home/najmul/.sdkman/candidates/java/11.0.8.hs-adpt!/java.smartcardio" type="simple" />
            <root url="jrt:///home/najmul/.sdkman/candidates/java/11.0.8.hs-adpt!/java.sql" type="simple" />
            <root url="jrt:///home/najmul/.sdkman/candidates/java/11.0.8.hs-adpt!/java.sql.rowset" type="simple" />
            <root url="jrt:///home/najmul/.sdkman/candidates/java/11.0.8.hs-adpt!/java.transaction.xa" type="simple" />
            <root url="jrt:///home/najmul/.sdkman/candidates/java/11.0.8.hs-adpt!/java.xml" type="simple" />
            <root url="jrt:///home/najmul/.sdkman/candidates/java/11.0.8.hs-adpt!/java.xml.crypto" type="simple" />
            <root url="jrt:///home/najmul/.sdkman/candidates/java/11.0.8.hs-adpt!/jdk.accessibility" type="simple" />
            <root url="jrt:///home/najmul/.sdkman/candidates/java/11.0.8.hs-adpt!/jdk.aot" type="simple" />
            <root url="jrt:///home/najmul/.sdkman/candidates/java/11.0.8.hs-adpt!/jdk.attach" type="simple" />
            <root url="jrt:///home/najmul/.sdkman/candidates/java/11.0.8.hs-adpt!/jdk.charsets" type="simple" />
            <root url="jrt:///home/najmul/.sdkman/candidates/java/11.0.8.hs-adpt!/jdk.compiler" type="simple" />
            <root url="jrt:///home/najmul/.sdkman/candidates/java/11.0.8.hs-adpt!/jdk.crypto.cryptoki" type="simple" />
            <root url="jrt:///home/najmul/.sdkman/candidates/java/11.0.8.hs-adpt!/jdk.crypto.ec" type="simple" />
            <root url="jrt:///home/najmul/.sdkman/candidates/java/11.0.8.hs-adpt!/jdk.dynalink" type="simple" />
            <root url="jrt:///home/najmul/.sdkman/candidates/java/11.0.8.hs-adpt!/jdk.editpad" type="simple" />
            <root url="jrt:///home/najmul/.sdkman/candidates/java/11.0.8.hs-adpt!/jdk.hotspot.agent" type="simple" />
            <root url="jrt:///home/najmul/.sdkman/candidates/java/11.0.8.hs-adpt!/jdk.httpserver" type="simple" />
            <root url="jrt:///home/najmul/.sdkman/candidates/java/11.0.8.hs-adpt!/jdk.internal.ed" type="simple" />
            <root url="jrt:///home/najmul/.sdkman/candidates/java/11.0.8.hs-adpt!/jdk.internal.jvmstat" type="simple" />
            <root url="jrt:///home/najmul/.sdkman/candidates/java/11.0.8.hs-adpt!/jdk.internal.le" type="simple" />
            <root url="jrt:///home/najmul/.sdkman/candidates/java/11.0.8.hs-adpt!/jdk.internal.opt" type="simple" />
            <root url="jrt:///home/najmul/.sdkman/candidates/java/11.0.8.hs-adpt!/jdk.internal.vm.ci" type="simple" />
            <root url="jrt:///home/najmul/.sdkman/candidates/java/11.0.8.hs-adpt!/jdk.internal.vm.compiler" type="simple" />
            <root url="jrt:///home/najmul/.sdkman/candidates/java/11.0.8.hs-adpt!/jdk.internal.vm.compiler.management" type="simple" />
            <root url="jrt:///home/najmul/.sdkman/candidates/java/11.0.8.hs-adpt!/jdk.jartool" type="simple" />
            <root url="jrt:///home/najmul/.sdkman/candidates/java/11.0.8.hs-adpt!/jdk.javadoc" type="simple" />
            <root url="jrt:///home/najmul/.sdkman/candidates/java/11.0.8.hs-adpt!/jdk.jcmd" type="simple" />
            <root url="jrt:///home/najmul/.sdkman/candidates/java/11.0.8.hs-adpt!/jdk.jconsole" type="simple" />
            <root url="jrt:///home/najmul/.sdkman/candidates/java/11.0.8.hs-adpt!/jdk.jdeps" type="simple" />
            <root url="jrt:///home/najmul/.sdkman/candidates/java/11.0.8.hs-adpt!/jdk.jdi" type="simple" />
            <root url="jrt:///home/najmul/.sdkman/candidates/java/11.0.8.hs-adpt!/jdk.jdwp.agent" type="simple" />
            <root url="jrt:///home/najmul/.sdkman/candidates/java/11.0.8.hs-adpt!/jdk.jfr" type="simple" />
            <root url="jrt:///home/najmul/.sdkman/candidates/java/11.0.8.hs-adpt!/jdk.jlink" type="simple" />
            <root url="jrt:///home/najmul/.sdkman/candidates/java/11.0.8.hs-adpt!/jdk.jshell" type="simple" />
            <root url="jrt:///home/najmul/.sdkman/candidates/java/11.0.8.hs-adpt!/jdk.jsobject" type="simple" />
            <root url="jrt:///home/najmul/.sdkman/candidates/java/11.0.8.hs-adpt!/jdk.jstatd" type="simple" />
            <root url="jrt:///home/najmul/.sdkman/candidates/java/11.0.8.hs-adpt!/jdk.localedata" type="simple" />
            <root url="jrt:///home/najmul/.sdkman/candidates/java/11.0.8.hs-adpt!/jdk.management" type="simple" />
            <root url="jrt:///home/najmul/.sdkman/candidates/java/11.0.8.hs-adpt!/jdk.management.agent" type="simple" />
            <root url="jrt:///home/najmul/.sdkman/candidates/java/11.0.8.hs-adpt!/jdk.management.jfr" type="simple" />
            <root url="jrt:///home/najmul/.sdkman/candidates/java/11.0.8.hs-adpt!/jdk.naming.dns" type="simple" />
            <root url="jrt:///home/najmul/.sdkman/candidates/java/11.0.8.hs-adpt!/jdk.naming.rmi" type="simple" />
            <root url="jrt:///home/najmul/.sdkman/candidates/java/11.0.8.hs-adpt!/jdk.net" type="simple" />
            <root url="jrt:///home/najmul/.sdkman/candidates/java/11.0.8.hs-adpt!/jdk.pack" type="simple" />
            <root url="jrt:///home/najmul/.sdkman/candidates/java/11.0.8.hs-adpt!/jdk.rmic" type="simple" />
            <root url="jrt:///home/najmul/.sdkman/candidates/java/11.0.8.hs-adpt!/jdk.scripting.nashorn" type="simple" />
            <root url="jrt:///home/najmul/.sdkman/candidates/java/11.0.8.hs-adpt!/jdk.scripting.nashorn.shell" type="simple" />
            <root url="jrt:///home/najmul/.sdkman/candidates/java/11.0.8.hs-adpt!/jdk.sctp" type="simple" />
            <root url="jrt:///home/najmul/.sdkman/candidates/java/11.0.8.hs-adpt!/jdk.security.auth" type="simple" />
            <root url="jrt:///home/najmul/.sdkman/candidates/java/11.0.8.hs-adpt!/jdk.security.jgss" type="simple" />
            <root url="jrt:///home/najmul/.sdkman/candidates/java/11.0.8.hs-adpt!/jdk.unsupported" type="simple" />
            <root url="jrt:///home/najmul/.sdkman/candidates/java/11.0.8.hs-adpt!/jdk.unsupported.desktop" type="simple" />
            <root url="jrt:///home/najmul/.sdkman/candidates/java/11.0.8.hs-adpt!/jdk.xml.dom" type="simple" />
            <root url="jrt:///home/najmul/.sdkman/candidates/java/11.0.8.hs-adpt!/jdk.zipfs" type="simple" />
          </root>
        </classPath>
        <javadocPath>
          <root type="composite" />
        </javadocPath>
        <sourcePath>
          <root type="composite">
            <root url="jar://$USER_HOME$/.sdkman/candidates/java/11.0.8.hs-adpt/lib/src.zip!/java.se" type="simple" />
            <root url="jar://$USER_HOME$/.sdkman/candidates/java/11.0.8.hs-adpt/lib/src.zip!/jdk.aot" type="simple" />
            <root url="jar://$USER_HOME$/.sdkman/candidates/java/11.0.8.hs-adpt/lib/src.zip!/jdk.jdi" type="simple" />
            <root url="jar://$USER_HOME$/.sdkman/candidates/java/11.0.8.hs-adpt/lib/src.zip!/jdk.jfr" type="simple" />
            <root url="jar://$USER_HOME$/.sdkman/candidates/java/11.0.8.hs-adpt/lib/src.zip!/jdk.net" type="simple" />
            <root url="jar://$USER_HOME$/.sdkman/candidates/java/11.0.8.hs-adpt/lib/src.zip!/java.rmi" type="simple" />
            <root url="jar://$USER_HOME$/.sdkman/candidates/java/11.0.8.hs-adpt/lib/src.zip!/java.sql" type="simple" />
            <root url="jar://$USER_HOME$/.sdkman/candidates/java/11.0.8.hs-adpt/lib/src.zip!/java.xml" type="simple" />
            <root url="jar://$USER_HOME$/.sdkman/candidates/java/11.0.8.hs-adpt/lib/src.zip!/jdk.jcmd" type="simple" />
            <root url="jar://$USER_HOME$/.sdkman/candidates/java/11.0.8.hs-adpt/lib/src.zip!/jdk.pack" type="simple" />
            <root url="jar://$USER_HOME$/.sdkman/candidates/java/11.0.8.hs-adpt/lib/src.zip!/jdk.rmic" type="simple" />
            <root url="jar://$USER_HOME$/.sdkman/candidates/java/11.0.8.hs-adpt/lib/src.zip!/jdk.sctp" type="simple" />
            <root url="jar://$USER_HOME$/.sdkman/candidates/java/11.0.8.hs-adpt/lib/src.zip!/java.base" type="simple" />
            <root url="jar://$USER_HOME$/.sdkman/candidates/java/11.0.8.hs-adpt/lib/src.zip!/jdk.jdeps" type="simple" />
            <root url="jar://$USER_HOME$/.sdkman/candidates/java/11.0.8.hs-adpt/lib/src.zip!/jdk.jlink" type="simple" />
            <root url="jar://$USER_HOME$/.sdkman/candidates/java/11.0.8.hs-adpt/lib/src.zip!/jdk.zipfs" type="simple" />
            <root url="jar://$USER_HOME$/.sdkman/candidates/java/11.0.8.hs-adpt/lib/src.zip!/java.prefs" type="simple" />
            <root url="jar://$USER_HOME$/.sdkman/candidates/java/11.0.8.hs-adpt/lib/src.zip!/jdk.attach" type="simple" />
            <root url="jar://$USER_HOME$/.sdkman/candidates/java/11.0.8.hs-adpt/lib/src.zip!/jdk.jshell" type="simple" />
            <root url="jar://$USER_HOME$/.sdkman/candidates/java/11.0.8.hs-adpt/lib/src.zip!/jdk.jstatd" type="simple" />
            <root url="jar://$USER_HOME$/.sdkman/candidates/java/11.0.8.hs-adpt/lib/src.zip!/java.naming" type="simple" />
            <root url="jar://$USER_HOME$/.sdkman/candidates/java/11.0.8.hs-adpt/lib/src.zip!/jdk.editpad" type="simple" />
            <root url="jar://$USER_HOME$/.sdkman/candidates/java/11.0.8.hs-adpt/lib/src.zip!/jdk.jartool" type="simple" />
            <root url="jar://$USER_HOME$/.sdkman/candidates/java/11.0.8.hs-adpt/lib/src.zip!/jdk.javadoc" type="simple" />
            <root url="jar://$USER_HOME$/.sdkman/candidates/java/11.0.8.hs-adpt/lib/src.zip!/jdk.xml.dom" type="simple" />
            <root url="jar://$USER_HOME$/.sdkman/candidates/java/11.0.8.hs-adpt/lib/src.zip!/java.desktop" type="simple" />
            <root url="jar://$USER_HOME$/.sdkman/candidates/java/11.0.8.hs-adpt/lib/src.zip!/java.logging" type="simple" />
            <root url="jar://$USER_HOME$/.sdkman/candidates/java/11.0.8.hs-adpt/lib/src.zip!/jdk.charsets" type="simple" />
            <root url="jar://$USER_HOME$/.sdkman/candidates/java/11.0.8.hs-adpt/lib/src.zip!/jdk.compiler" type="simple" />
            <root url="jar://$USER_HOME$/.sdkman/candidates/java/11.0.8.hs-adpt/lib/src.zip!/jdk.dynalink" type="simple" />
            <root url="jar://$USER_HOME$/.sdkman/candidates/java/11.0.8.hs-adpt/lib/src.zip!/jdk.jconsole" type="simple" />
            <root url="jar://$USER_HOME$/.sdkman/candidates/java/11.0.8.hs-adpt/lib/src.zip!/jdk.jsobject" type="simple" />
            <root url="jar://$USER_HOME$/.sdkman/candidates/java/11.0.8.hs-adpt/lib/src.zip!/java.compiler" type="simple" />
            <root url="jar://$USER_HOME$/.sdkman/candidates/java/11.0.8.hs-adpt/lib/src.zip!/java.net.http" type="simple" />
            <root url="jar://$USER_HOME$/.sdkman/candidates/java/11.0.8.hs-adpt/lib/src.zip!/jdk.crypto.ec" type="simple" />
            <root url="jar://$USER_HOME$/.sdkman/candidates/java/11.0.8.hs-adpt/lib/src.zip!/java.scripting" type="simple" />
            <root url="jar://$USER_HOME$/.sdkman/candidates/java/11.0.8.hs-adpt/lib/src.zip!/jdk.httpserver" type="simple" />
            <root url="jar://$USER_HOME$/.sdkman/candidates/java/11.0.8.hs-adpt/lib/src.zip!/jdk.jdwp.agent" type="simple" />
            <root url="jar://$USER_HOME$/.sdkman/candidates/java/11.0.8.hs-adpt/lib/src.zip!/jdk.localedata" type="simple" />
            <root url="jar://$USER_HOME$/.sdkman/candidates/java/11.0.8.hs-adpt/lib/src.zip!/jdk.management" type="simple" />
            <root url="jar://$USER_HOME$/.sdkman/candidates/java/11.0.8.hs-adpt/lib/src.zip!/jdk.naming.dns" type="simple" />
            <root url="jar://$USER_HOME$/.sdkman/candidates/java/11.0.8.hs-adpt/lib/src.zip!/jdk.naming.rmi" type="simple" />
            <root url="jar://$USER_HOME$/.sdkman/candidates/java/11.0.8.hs-adpt/lib/src.zip!/java.instrument" type="simple" />
            <root url="jar://$USER_HOME$/.sdkman/candidates/java/11.0.8.hs-adpt/lib/src.zip!/java.management" type="simple" />
            <root url="jar://$USER_HOME$/.sdkman/candidates/java/11.0.8.hs-adpt/lib/src.zip!/java.sql.rowset" type="simple" />
            <root url="jar://$USER_HOME$/.sdkman/candidates/java/11.0.8.hs-adpt/lib/src.zip!/java.xml.crypto" type="simple" />
            <root url="jar://$USER_HOME$/.sdkman/candidates/java/11.0.8.hs-adpt/lib/src.zip!/jdk.internal.ed" type="simple" />
            <root url="jar://$USER_HOME$/.sdkman/candidates/java/11.0.8.hs-adpt/lib/src.zip!/jdk.internal.le" type="simple" />
            <root url="jar://$USER_HOME$/.sdkman/candidates/java/11.0.8.hs-adpt/lib/src.zip!/jdk.unsupported" type="simple" />
            <root url="jar://$USER_HOME$/.sdkman/candidates/java/11.0.8.hs-adpt/lib/src.zip!/java.smartcardio" type="simple" />
            <root url="jar://$USER_HOME$/.sdkman/candidates/java/11.0.8.hs-adpt/lib/src.zip!/jdk.internal.opt" type="simple" />
            <root url="jar://$USER_HOME$/.sdkman/candidates/java/11.0.8.hs-adpt/lib/src.zip!/java.datatransfer" type="simple" />
            <root url="jar://$USER_HOME$/.sdkman/candidates/java/11.0.8.hs-adpt/lib/src.zip!/jdk.accessibility" type="simple" />
            <root url="jar://$USER_HOME$/.sdkman/candidates/java/11.0.8.hs-adpt/lib/src.zip!/jdk.hotspot.agent" type="simple" />
            <root url="jar://$USER_HOME$/.sdkman/candidates/java/11.0.8.hs-adpt/lib/src.zip!/jdk.security.auth" type="simple" />
            <root url="jar://$USER_HOME$/.sdkman/candidates/java/11.0.8.hs-adpt/lib/src.zip!/jdk.security.jgss" type="simple" />
            <root url="jar://$USER_HOME$/.sdkman/candidates/java/11.0.8.hs-adpt/lib/src.zip!/java.security.jgss" type="simple" />
            <root url="jar://$USER_HOME$/.sdkman/candidates/java/11.0.8.hs-adpt/lib/src.zip!/java.security.sasl" type="simple" />
            <root url="jar://$USER_HOME$/.sdkman/candidates/java/11.0.8.hs-adpt/lib/src.zip!/jdk.internal.vm.ci" type="simple" />
            <root url="jar://$USER_HOME$/.sdkman/candidates/java/11.0.8.hs-adpt/lib/src.zip!/jdk.management.jfr" type="simple" />
            <root url="jar://$USER_HOME$/.sdkman/candidates/java/11.0.8.hs-adpt/lib/src.zip!/java.management.rmi" type="simple" />
            <root url="jar://$USER_HOME$/.sdkman/candidates/java/11.0.8.hs-adpt/lib/src.zip!/java.transaction.xa" type="simple" />
            <root url="jar://$USER_HOME$/.sdkman/candidates/java/11.0.8.hs-adpt/lib/src.zip!/jdk.crypto.cryptoki" type="simple" />
            <root url="jar://$USER_HOME$/.sdkman/candidates/java/11.0.8.hs-adpt/lib/src.zip!/jdk.internal.jvmstat" type="simple" />
            <root url="jar://$USER_HOME$/.sdkman/candidates/java/11.0.8.hs-adpt/lib/src.zip!/jdk.management.agent" type="simple" />
            <root url="jar://$USER_HOME$/.sdkman/candidates/java/11.0.8.hs-adpt/lib/src.zip!/jdk.scripting.nashorn" type="simple" />
            <root url="jar://$USER_HOME$/.sdkman/candidates/java/11.0.8.hs-adpt/lib/src.zip!/jdk.unsupported.desktop" type="simple" />
            <root url="jar://$USER_HOME$/.sdkman/candidates/java/11.0.8.hs-adpt/lib/src.zip!/jdk.internal.vm.compiler" type="simple" />
            <root url="jar://$USER_HOME$/.sdkman/candidates/java/11.0.8.hs-adpt/lib/src.zip!/jdk.scripting.nashorn.shell" type="simple" />
            <root url="jar://$USER_HOME$/.sdkman/candidates/java/11.0.8.hs-adpt/lib/src.zip!/jdk.internal.vm.compiler.management" type="simple" />
          </root>
        </sourcePath>
      </roots>
      <additional />
    </jdk>
    <jdk version="2">
      <name value="JavaSE-11" />
      <type value="JavaSDK" />
      <version value="java version &quot;11.0.8&quot;" />
      <homePath value="$USER_HOME$/.sdkman/candidates/java/11.0.8.hs-adpt" />
      <roots>
        <annotationsPath>
          <root type="composite">
            <root url="jar://$APPLICATION_HOME_DIR$/plugins/java/lib/jdkAnnotations.jar!/" type="simple" />
          </root>
        </annotationsPath>
        <classPath>
          <root type="composite">
            <root url="jrt:///home/najmul/.sdkman/candidates/java/11.0.8.hs-adpt!/java.base" type="simple" />
            <root url="jrt:///home/najmul/.sdkman/candidates/java/11.0.8.hs-adpt!/java.compiler" type="simple" />
            <root url="jrt:///home/najmul/.sdkman/candidates/java/11.0.8.hs-adpt!/java.datatransfer" type="simple" />
            <root url="jrt:///home/najmul/.sdkman/candidates/java/11.0.8.hs-adpt!/java.desktop" type="simple" />
            <root url="jrt:///home/najmul/.sdkman/candidates/java/11.0.8.hs-adpt!/java.instrument" type="simple" />
            <root url="jrt:///home/najmul/.sdkman/candidates/java/11.0.8.hs-adpt!/java.logging" type="simple" />
            <root url="jrt:///home/najmul/.sdkman/candidates/java/11.0.8.hs-adpt!/java.management" type="simple" />
            <root url="jrt:///home/najmul/.sdkman/candidates/java/11.0.8.hs-adpt!/java.management.rmi" type="simple" />
            <root url="jrt:///home/najmul/.sdkman/candidates/java/11.0.8.hs-adpt!/java.naming" type="simple" />
            <root url="jrt:///home/najmul/.sdkman/candidates/java/11.0.8.hs-adpt!/java.net.http" type="simple" />
            <root url="jrt:///home/najmul/.sdkman/candidates/java/11.0.8.hs-adpt!/java.prefs" type="simple" />
            <root url="jrt:///home/najmul/.sdkman/candidates/java/11.0.8.hs-adpt!/java.rmi" type="simple" />
            <root url="jrt:///home/najmul/.sdkman/candidates/java/11.0.8.hs-adpt!/java.scripting" type="simple" />
            <root url="jrt:///home/najmul/.sdkman/candidates/java/11.0.8.hs-adpt!/java.se" type="simple" />
            <root url="jrt:///home/najmul/.sdkman/candidates/java/11.0.8.hs-adpt!/java.security.jgss" type="simple" />
            <root url="jrt:///home/najmul/.sdkman/candidates/java/11.0.8.hs-adpt!/java.security.sasl" type="simple" />
            <root url="jrt:///home/najmul/.sdkman/candidates/java/11.0.8.hs-adpt!/java.smartcardio" type="simple" />
            <root url="jrt:///home/najmul/.sdkman/candidates/java/11.0.8.hs-adpt!/java.sql" type="simple" />
            <root url="jrt:///home/najmul/.sdkman/candidates/java/11.0.8.hs-adpt!/java.sql.rowset" type="simple" />
            <root url="jrt:///home/najmul/.sdkman/candidates/java/11.0.8.hs-adpt!/java.transaction.xa" type="simple" />
            <root url="jrt:///home/najmul/.sdkman/candidates/java/11.0.8.hs-adpt!/java.xml" type="simple" />
            <root url="jrt:///home/najmul/.sdkman/candidates/java/11.0.8.hs-adpt!/java.xml.crypto" type="simple" />
            <root url="jrt:///home/najmul/.sdkman/candidates/java/11.0.8.hs-adpt!/jdk.accessibility" type="simple" />
            <root url="jrt:///home/najmul/.sdkman/candidates/java/11.0.8.hs-adpt!/jdk.aot" type="simple" />
            <root url="jrt:///home/najmul/.sdkman/candidates/java/11.0.8.hs-adpt!/jdk.attach" type="simple" />
            <root url="jrt:///home/najmul/.sdkman/candidates/java/11.0.8.hs-adpt!/jdk.charsets" type="simple" />
            <root url="jrt:///home/najmul/.sdkman/candidates/java/11.0.8.hs-adpt!/jdk.compiler" type="simple" />
            <root url="jrt:///home/najmul/.sdkman/candidates/java/11.0.8.hs-adpt!/jdk.crypto.cryptoki" type="simple" />
            <root url="jrt:///home/najmul/.sdkman/candidates/java/11.0.8.hs-adpt!/jdk.crypto.ec" type="simple" />
            <root url="jrt:///home/najmul/.sdkman/candidates/java/11.0.8.hs-adpt!/jdk.dynalink" type="simple" />
            <root url="jrt:///home/najmul/.sdkman/candidates/java/11.0.8.hs-adpt!/jdk.editpad" type="simple" />
            <root url="jrt:///home/najmul/.sdkman/candidates/java/11.0.8.hs-adpt!/jdk.hotspot.agent" type="simple" />
            <root url="jrt:///home/najmul/.sdkman/candidates/java/11.0.8.hs-adpt!/jdk.httpserver" type="simple" />
            <root url="jrt:///home/najmul/.sdkman/candidates/java/11.0.8.hs-adpt!/jdk.internal.ed" type="simple" />
            <root url="jrt:///home/najmul/.sdkman/candidates/java/11.0.8.hs-adpt!/jdk.internal.jvmstat" type="simple" />
            <root url="jrt:///home/najmul/.sdkman/candidates/java/11.0.8.hs-adpt!/jdk.internal.le" type="simple" />
            <root url="jrt:///home/najmul/.sdkman/candidates/java/11.0.8.hs-adpt!/jdk.internal.opt" type="simple" />
            <root url="jrt:///home/najmul/.sdkman/candidates/java/11.0.8.hs-adpt!/jdk.internal.vm.ci" type="simple" />
            <root url="jrt:///home/najmul/.sdkman/candidates/java/11.0.8.hs-adpt!/jdk.internal.vm.compiler" type="simple" />
            <root url="jrt:///home/najmul/.sdkman/candidates/java/11.0.8.hs-adpt!/jdk.internal.vm.compiler.management" type="simple" />
            <root url="jrt:///home/najmul/.sdkman/candidates/java/11.0.8.hs-adpt!/jdk.jartool" type="simple" />
            <root url="jrt:///home/najmul/.sdkman/candidates/java/11.0.8.hs-adpt!/jdk.javadoc" type="simple" />
            <root url="jrt:///home/najmul/.sdkman/candidates/java/11.0.8.hs-adpt!/jdk.jcmd" type="simple" />
            <root url="jrt:///home/najmul/.sdkman/candidates/java/11.0.8.hs-adpt!/jdk.jconsole" type="simple" />
            <root url="jrt:///home/najmul/.sdkman/candidates/java/11.0.8.hs-adpt!/jdk.jdeps" type="simple" />
            <root url="jrt:///home/najmul/.sdkman/candidates/java/11.0.8.hs-adpt!/jdk.jdi" type="simple" />
            <root url="jrt:///home/najmul/.sdkman/candidates/java/11.0.8.hs-adpt!/jdk.jdwp.agent" type="simple" />
            <root url="jrt:///home/najmul/.sdkman/candidates/java/11.0.8.hs-adpt!/jdk.jfr" type="simple" />
            <root url="jrt:///home/najmul/.sdkman/candidates/java/11.0.8.hs-adpt!/jdk.jlink" type="simple" />
            <root url="jrt:///home/najmul/.sdkman/candidates/java/11.0.8.hs-adpt!/jdk.jshell" type="simple" />
            <root url="jrt:///home/najmul/.sdkman/candidates/java/11.0.8.hs-adpt!/jdk.jsobject" type="simple" />
            <root url="jrt:///home/najmul/.sdkman/candidates/java/11.0.8.hs-adpt!/jdk.jstatd" type="simple" />
            <root url="jrt:///home/najmul/.sdkman/candidates/java/11.0.8.hs-adpt!/jdk.localedata" type="simple" />
            <root url="jrt:///home/najmul/.sdkman/candidates/java/11.0.8.hs-adpt!/jdk.management" type="simple" />
            <root url="jrt:///home/najmul/.sdkman/candidates/java/11.0.8.hs-adpt!/jdk.management.agent" type="simple" />
            <root url="jrt:///home/najmul/.sdkman/candidates/java/11.0.8.hs-adpt!/jdk.management.jfr" type="simple" />
            <root url="jrt:///home/najmul/.sdkman/candidates/java/11.0.8.hs-adpt!/jdk.naming.dns" type="simple" />
            <root url="jrt:///home/najmul/.sdkman/candidates/java/11.0.8.hs-adpt!/jdk.naming.rmi" type="simple" />
            <root url="jrt:///home/najmul/.sdkman/candidates/java/11.0.8.hs-adpt!/jdk.net" type="simple" />
            <root url="jrt:///home/najmul/.sdkman/candidates/java/11.0.8.hs-adpt!/jdk.pack" type="simple" />
            <root url="jrt:///home/najmul/.sdkman/candidates/java/11.0.8.hs-adpt!/jdk.rmic" type="simple" />
            <root url="jrt:///home/najmul/.sdkman/candidates/java/11.0.8.hs-adpt!/jdk.scripting.nashorn" type="simple" />
            <root url="jrt:///home/najmul/.sdkman/candidates/java/11.0.8.hs-adpt!/jdk.scripting.nashorn.shell" type="simple" />
            <root url="jrt:///home/najmul/.sdkman/candidates/java/11.0.8.hs-adpt!/jdk.sctp" type="simple" />
            <root url="jrt:///home/najmul/.sdkman/candidates/java/11.0.8.hs-adpt!/jdk.security.auth" type="simple" />
            <root url="jrt:///home/najmul/.sdkman/candidates/java/11.0.8.hs-adpt!/jdk.security.jgss" type="simple" />
            <root url="jrt:///home/najmul/.sdkman/candidates/java/11.0.8.hs-adpt!/jdk.unsupported" type="simple" />
            <root url="jrt:///home/najmul/.sdkman/candidates/java/11.0.8.hs-adpt!/jdk.unsupported.desktop" type="simple" />
            <root url="jrt:///home/najmul/.sdkman/candidates/java/11.0.8.hs-adpt!/jdk.xml.dom" type="simple" />
            <root url="jrt:///home/najmul/.sdkman/candidates/java/11.0.8.hs-adpt!/jdk.zipfs" type="simple" />
          </root>
        </classPath>
        <javadocPath>
          <root type="composite" />
        </javadocPath>
        <sourcePath>
          <root type="composite">
            <root url="jar://$USER_HOME$/.sdkman/candidates/java/11.0.8.hs-adpt/lib/src.zip!/java.se" type="simple" />
            <root url="jar://$USER_HOME$/.sdkman/candidates/java/11.0.8.hs-adpt/lib/src.zip!/jdk.aot" type="simple" />
            <root url="jar://$USER_HOME$/.sdkman/candidates/java/11.0.8.hs-adpt/lib/src.zip!/jdk.jdi" type="simple" />
            <root url="jar://$USER_HOME$/.sdkman/candidates/java/11.0.8.hs-adpt/lib/src.zip!/jdk.jfr" type="simple" />
            <root url="jar://$USER_HOME$/.sdkman/candidates/java/11.0.8.hs-adpt/lib/src.zip!/jdk.net" type="simple" />
            <root url="jar://$USER_HOME$/.sdkman/candidates/java/11.0.8.hs-adpt/lib/src.zip!/java.rmi" type="simple" />
            <root url="jar://$USER_HOME$/.sdkman/candidates/java/11.0.8.hs-adpt/lib/src.zip!/java.sql" type="simple" />
            <root url="jar://$USER_HOME$/.sdkman/candidates/java/11.0.8.hs-adpt/lib/src.zip!/java.xml" type="simple" />
            <root url="jar://$USER_HOME$/.sdkman/candidates/java/11.0.8.hs-adpt/lib/src.zip!/jdk.jcmd" type="simple" />
            <root url="jar://$USER_HOME$/.sdkman/candidates/java/11.0.8.hs-adpt/lib/src.zip!/jdk.pack" type="simple" />
            <root url="jar://$USER_HOME$/.sdkman/candidates/java/11.0.8.hs-adpt/lib/src.zip!/jdk.rmic" type="simple" />
            <root url="jar://$USER_HOME$/.sdkman/candidates/java/11.0.8.hs-adpt/lib/src.zip!/jdk.sctp" type="simple" />
            <root url="jar://$USER_HOME$/.sdkman/candidates/java/11.0.8.hs-adpt/lib/src.zip!/java.base" type="simple" />
            <root url="jar://$USER_HOME$/.sdkman/candidates/java/11.0.8.hs-adpt/lib/src.zip!/jdk.jdeps" type="simple" />
            <root url="jar://$USER_HOME$/.sdkman/candidates/java/11.0.8.hs-adpt/lib/src.zip!/jdk.jlink" type="simple" />
            <root url="jar://$USER_HOME$/.sdkman/candidates/java/11.0.8.hs-adpt/lib/src.zip!/jdk.zipfs" type="simple" />
            <root url="jar://$USER_HOME$/.sdkman/candidates/java/11.0.8.hs-adpt/lib/src.zip!/java.prefs" type="simple" />
            <root url="jar://$USER_HOME$/.sdkman/candidates/java/11.0.8.hs-adpt/lib/src.zip!/jdk.attach" type="simple" />
            <root url="jar://$USER_HOME$/.sdkman/candidates/java/11.0.8.hs-adpt/lib/src.zip!/jdk.jshell" type="simple" />
            <root url="jar://$USER_HOME$/.sdkman/candidates/java/11.0.8.hs-adpt/lib/src.zip!/jdk.jstatd" type="simple" />
            <root url="jar://$USER_HOME$/.sdkman/candidates/java/11.0.8.hs-adpt/lib/src.zip!/java.naming" type="simple" />
            <root url="jar://$USER_HOME$/.sdkman/candidates/java/11.0.8.hs-adpt/lib/src.zip!/jdk.editpad" type="simple" />
            <root url="jar://$USER_HOME$/.sdkman/candidates/java/11.0.8.hs-adpt/lib/src.zip!/jdk.jartool" type="simple" />
            <root url="jar://$USER_HOME$/.sdkman/candidates/java/11.0.8.hs-adpt/lib/src.zip!/jdk.javadoc" type="simple" />
            <root url="jar://$USER_HOME$/.sdkman/candidates/java/11.0.8.hs-adpt/lib/src.zip!/jdk.xml.dom" type="simple" />
            <root url="jar://$USER_HOME$/.sdkman/candidates/java/11.0.8.hs-adpt/lib/src.zip!/java.desktop" type="simple" />
            <root url="jar://$USER_HOME$/.sdkman/candidates/java/11.0.8.hs-adpt/lib/src.zip!/java.logging" type="simple" />
            <root url="jar://$USER_HOME$/.sdkman/candidates/java/11.0.8.hs-adpt/lib/src.zip!/jdk.charsets" type="simple" />
            <root url="jar://$USER_HOME$/.sdkman/candidates/java/11.0.8.hs-adpt/lib/src.zip!/jdk.compiler" type="simple" />
            <root url="jar://$USER_HOME$/.sdkman/candidates/java/11.0.8.hs-adpt/lib/src.zip!/jdk.dynalink" type="simple" />
            <root url="jar://$USER_HOME$/.sdkman/candidates/java/11.0.8.hs-adpt/lib/src.zip!/jdk.jconsole" type="simple" />
            <root url="jar://$USER_HOME$/.sdkman/candidates/java/11.0.8.hs-adpt/lib/src.zip!/jdk.jsobject" type="simple" />
            <root url="jar://$USER_HOME$/.sdkman/candidates/java/11.0.8.hs-adpt/lib/src.zip!/java.compiler" type="simple" />
            <root url="jar://$USER_HOME$/.sdkman/candidates/java/11.0.8.hs-adpt/lib/src.zip!/java.net.http" type="simple" />
            <root url="jar://$USER_HOME$/.sdkman/candidates/java/11.0.8.hs-adpt/lib/src.zip!/jdk.crypto.ec" type="simple" />
            <root url="jar://$USER_HOME$/.sdkman/candidates/java/11.0.8.hs-adpt/lib/src.zip!/java.scripting" type="simple" />
            <root url="jar://$USER_HOME$/.sdkman/candidates/java/11.0.8.hs-adpt/lib/src.zip!/jdk.httpserver" type="simple" />
            <root url="jar://$USER_HOME$/.sdkman/candidates/java/11.0.8.hs-adpt/lib/src.zip!/jdk.jdwp.agent" type="simple" />
            <root url="jar://$USER_HOME$/.sdkman/candidates/java/11.0.8.hs-adpt/lib/src.zip!/jdk.localedata" type="simple" />
            <root url="jar://$USER_HOME$/.sdkman/candidates/java/11.0.8.hs-adpt/lib/src.zip!/jdk.management" type="simple" />
            <root url="jar://$USER_HOME$/.sdkman/candidates/java/11.0.8.hs-adpt/lib/src.zip!/jdk.naming.dns" type="simple" />
            <root url="jar://$USER_HOME$/.sdkman/candidates/java/11.0.8.hs-adpt/lib/src.zip!/jdk.naming.rmi" type="simple" />
            <root url="jar://$USER_HOME$/.sdkman/candidates/java/11.0.8.hs-adpt/lib/src.zip!/java.instrument" type="simple" />
            <root url="jar://$USER_HOME$/.sdkman/candidates/java/11.0.8.hs-adpt/lib/src.zip!/java.management" type="simple" />
            <root url="jar://$USER_HOME$/.sdkman/candidates/java/11.0.8.hs-adpt/lib/src.zip!/java.sql.rowset" type="simple" />
            <root url="jar://$USER_HOME$/.sdkman/candidates/java/11.0.8.hs-adpt/lib/src.zip!/java.xml.crypto" type="simple" />
            <root url="jar://$USER_HOME$/.sdkman/candidates/java/11.0.8.hs-adpt/lib/src.zip!/jdk.internal.ed" type="simple" />
            <root url="jar://$USER_HOME$/.sdkman/candidates/java/11.0.8.hs-adpt/lib/src.zip!/jdk.internal.le" type="simple" />
            <root url="jar://$USER_HOME$/.sdkman/candidates/java/11.0.8.hs-adpt/lib/src.zip!/jdk.unsupported" type="simple" />
            <root url="jar://$USER_HOME$/.sdkman/candidates/java/11.0.8.hs-adpt/lib/src.zip!/java.smartcardio" type="simple" />
            <root url="jar://$USER_HOME$/.sdkman/candidates/java/11.0.8.hs-adpt/lib/src.zip!/jdk.internal.opt" type="simple" />
            <root url="jar://$USER_HOME$/.sdkman/candidates/java/11.0.8.hs-adpt/lib/src.zip!/java.datatransfer" type="simple" />
            <root url="jar://$USER_HOME$/.sdkman/candidates/java/11.0.8.hs-adpt/lib/src.zip!/jdk.accessibility" type="simple" />
            <root url="jar://$USER_HOME$/.sdkman/candidates/java/11.0.8.hs-adpt/lib/src.zip!/jdk.hotspot.agent" type="simple" />
            <root url="jar://$USER_HOME$/.sdkman/candidates/java/11.0.8.hs-adpt/lib/src.zip!/jdk.security.auth" type="simple" />
            <root url="jar://$USER_HOME$/.sdkman/candidates/java/11.0.8.hs-adpt/lib/src.zip!/jdk.security.jgss" type="simple" />
            <root url="jar://$USER_HOME$/.sdkman/candidates/java/11.0.8.hs-adpt/lib/src.zip!/java.security.jgss" type="simple" />
            <root url="jar://$USER_HOME$/.sdkman/candidates/java/11.0.8.hs-adpt/lib/src.zip!/java.security.sasl" type="simple" />
            <root url="jar://$USER_HOME$/.sdkman/candidates/java/11.0.8.hs-adpt/lib/src.zip!/jdk.internal.vm.ci" type="simple" />
            <root url="jar://$USER_HOME$/.sdkman/candidates/java/11.0.8.hs-adpt/lib/src.zip!/jdk.management.jfr" type="simple" />
            <root url="jar://$USER_HOME$/.sdkman/candidates/java/11.0.8.hs-adpt/lib/src.zip!/java.management.rmi" type="simple" />
            <root url="jar://$USER_HOME$/.sdkman/candidates/java/11.0.8.hs-adpt/lib/src.zip!/java.transaction.xa" type="simple" />
            <root url="jar://$USER_HOME$/.sdkman/candidates/java/11.0.8.hs-adpt/lib/src.zip!/jdk.crypto.cryptoki" type="simple" />
            <root url="jar://$USER_HOME$/.sdkman/candidates/java/11.0.8.hs-adpt/lib/src.zip!/jdk.internal.jvmstat" type="simple" />
            <root url="jar://$USER_HOME$/.sdkman/candidates/java/11.0.8.hs-adpt/lib/src.zip!/jdk.management.agent" type="simple" />
            <root url="jar://$USER_HOME$/.sdkman/candidates/java/11.0.8.hs-adpt/lib/src.zip!/jdk.scripting.nashorn" type="simple" />
            <root url="jar://$USER_HOME$/.sdkman/candidates/java/11.0.8.hs-adpt/lib/src.zip!/jdk.unsupported.desktop" type="simple" />
            <root url="jar://$USER_HOME$/.sdkman/candidates/java/11.0.8.hs-adpt/lib/src.zip!/jdk.internal.vm.compiler" type="simple" />
            <root url="jar://$USER_HOME$/.sdkman/candidates/java/11.0.8.hs-adpt/lib/src.zip!/jdk.scripting.nashorn.shell" type="simple" />
            <root url="jar://$USER_HOME$/.sdkman/candidates/java/11.0.8.hs-adpt/lib/src.zip!/jdk.internal.vm.compiler.management" type="simple" />
          </root>
        </sourcePath>
      </roots>
      <additional />
    </jdk>
    <jdk version="2">
      <name value="16" />
      <type value="JavaSDK" />
      <version value="Amazon Corretto version 16.0.2" />
      <homePath value="$USER_HOME$/.jdks/corretto-16.0.2" />
      <roots>
        <annotationsPath>
          <root type="composite">
            <root url="jar://$APPLICATION_HOME_DIR$/plugins/java/lib/jdkAnnotations.jar!/" type="simple" />
          </root>
        </annotationsPath>
        <classPath>
          <root type="composite">
            <root url="jrt:///home/najmul/.jdks/corretto-16.0.2!/java.base" type="simple" />
            <root url="jrt:///home/najmul/.jdks/corretto-16.0.2!/java.compiler" type="simple" />
            <root url="jrt:///home/najmul/.jdks/corretto-16.0.2!/java.datatransfer" type="simple" />
            <root url="jrt:///home/najmul/.jdks/corretto-16.0.2!/java.desktop" type="simple" />
            <root url="jrt:///home/najmul/.jdks/corretto-16.0.2!/java.instrument" type="simple" />
            <root url="jrt:///home/najmul/.jdks/corretto-16.0.2!/java.logging" type="simple" />
            <root url="jrt:///home/najmul/.jdks/corretto-16.0.2!/java.management" type="simple" />
            <root url="jrt:///home/najmul/.jdks/corretto-16.0.2!/java.management.rmi" type="simple" />
            <root url="jrt:///home/najmul/.jdks/corretto-16.0.2!/java.naming" type="simple" />
            <root url="jrt:///home/najmul/.jdks/corretto-16.0.2!/java.net.http" type="simple" />
            <root url="jrt:///home/najmul/.jdks/corretto-16.0.2!/java.prefs" type="simple" />
            <root url="jrt:///home/najmul/.jdks/corretto-16.0.2!/java.rmi" type="simple" />
            <root url="jrt:///home/najmul/.jdks/corretto-16.0.2!/java.scripting" type="simple" />
            <root url="jrt:///home/najmul/.jdks/corretto-16.0.2!/java.se" type="simple" />
            <root url="jrt:///home/najmul/.jdks/corretto-16.0.2!/java.security.jgss" type="simple" />
            <root url="jrt:///home/najmul/.jdks/corretto-16.0.2!/java.security.sasl" type="simple" />
            <root url="jrt:///home/najmul/.jdks/corretto-16.0.2!/java.smartcardio" type="simple" />
            <root url="jrt:///home/najmul/.jdks/corretto-16.0.2!/java.sql" type="simple" />
            <root url="jrt:///home/najmul/.jdks/corretto-16.0.2!/java.sql.rowset" type="simple" />
            <root url="jrt:///home/najmul/.jdks/corretto-16.0.2!/java.transaction.xa" type="simple" />
            <root url="jrt:///home/najmul/.jdks/corretto-16.0.2!/java.xml" type="simple" />
            <root url="jrt:///home/najmul/.jdks/corretto-16.0.2!/java.xml.crypto" type="simple" />
            <root url="jrt:///home/najmul/.jdks/corretto-16.0.2!/jdk.accessibility" type="simple" />
            <root url="jrt:///home/najmul/.jdks/corretto-16.0.2!/jdk.aot" type="simple" />
            <root url="jrt:///home/najmul/.jdks/corretto-16.0.2!/jdk.attach" type="simple" />
            <root url="jrt:///home/najmul/.jdks/corretto-16.0.2!/jdk.charsets" type="simple" />
            <root url="jrt:///home/najmul/.jdks/corretto-16.0.2!/jdk.compiler" type="simple" />
            <root url="jrt:///home/najmul/.jdks/corretto-16.0.2!/jdk.crypto.cryptoki" type="simple" />
            <root url="jrt:///home/najmul/.jdks/corretto-16.0.2!/jdk.crypto.ec" type="simple" />
            <root url="jrt:///home/najmul/.jdks/corretto-16.0.2!/jdk.dynalink" type="simple" />
            <root url="jrt:///home/najmul/.jdks/corretto-16.0.2!/jdk.editpad" type="simple" />
            <root url="jrt:///home/najmul/.jdks/corretto-16.0.2!/jdk.hotspot.agent" type="simple" />
            <root url="jrt:///home/najmul/.jdks/corretto-16.0.2!/jdk.httpserver" type="simple" />
            <root url="jrt:///home/najmul/.jdks/corretto-16.0.2!/jdk.incubator.foreign" type="simple" />
            <root url="jrt:///home/najmul/.jdks/corretto-16.0.2!/jdk.incubator.vector" type="simple" />
            <root url="jrt:///home/najmul/.jdks/corretto-16.0.2!/jdk.internal.ed" type="simple" />
            <root url="jrt:///home/najmul/.jdks/corretto-16.0.2!/jdk.internal.jvmstat" type="simple" />
            <root url="jrt:///home/najmul/.jdks/corretto-16.0.2!/jdk.internal.le" type="simple" />
            <root url="jrt:///home/najmul/.jdks/corretto-16.0.2!/jdk.internal.opt" type="simple" />
            <root url="jrt:///home/najmul/.jdks/corretto-16.0.2!/jdk.internal.vm.ci" type="simple" />
            <root url="jrt:///home/najmul/.jdks/corretto-16.0.2!/jdk.internal.vm.compiler" type="simple" />
            <root url="jrt:///home/najmul/.jdks/corretto-16.0.2!/jdk.internal.vm.compiler.management" type="simple" />
            <root url="jrt:///home/najmul/.jdks/corretto-16.0.2!/jdk.jartool" type="simple" />
            <root url="jrt:///home/najmul/.jdks/corretto-16.0.2!/jdk.javadoc" type="simple" />
            <root url="jrt:///home/najmul/.jdks/corretto-16.0.2!/jdk.jcmd" type="simple" />
            <root url="jrt:///home/najmul/.jdks/corretto-16.0.2!/jdk.jconsole" type="simple" />
            <root url="jrt:///home/najmul/.jdks/corretto-16.0.2!/jdk.jdeps" type="simple" />
            <root url="jrt:///home/najmul/.jdks/corretto-16.0.2!/jdk.jdi" type="simple" />
            <root url="jrt:///home/najmul/.jdks/corretto-16.0.2!/jdk.jdwp.agent" type="simple" />
            <root url="jrt:///home/najmul/.jdks/corretto-16.0.2!/jdk.jfr" type="simple" />
            <root url="jrt:///home/najmul/.jdks/corretto-16.0.2!/jdk.jlink" type="simple" />
            <root url="jrt:///home/najmul/.jdks/corretto-16.0.2!/jdk.jpackage" type="simple" />
            <root url="jrt:///home/najmul/.jdks/corretto-16.0.2!/jdk.jshell" type="simple" />
            <root url="jrt:///home/najmul/.jdks/corretto-16.0.2!/jdk.jsobject" type="simple" />
            <root url="jrt:///home/najmul/.jdks/corretto-16.0.2!/jdk.jstatd" type="simple" />
            <root url="jrt:///home/najmul/.jdks/corretto-16.0.2!/jdk.localedata" type="simple" />
            <root url="jrt:///home/najmul/.jdks/corretto-16.0.2!/jdk.management" type="simple" />
            <root url="jrt:///home/najmul/.jdks/corretto-16.0.2!/jdk.management.agent" type="simple" />
            <root url="jrt:///home/najmul/.jdks/corretto-16.0.2!/jdk.management.jfr" type="simple" />
            <root url="jrt:///home/najmul/.jdks/corretto-16.0.2!/jdk.naming.dns" type="simple" />
            <root url="jrt:///home/najmul/.jdks/corretto-16.0.2!/jdk.naming.rmi" type="simple" />
            <root url="jrt:///home/najmul/.jdks/corretto-16.0.2!/jdk.net" type="simple" />
            <root url="jrt:///home/najmul/.jdks/corretto-16.0.2!/jdk.nio.mapmode" type="simple" />
            <root url="jrt:///home/najmul/.jdks/corretto-16.0.2!/jdk.sctp" type="simple" />
            <root url="jrt:///home/najmul/.jdks/corretto-16.0.2!/jdk.security.auth" type="simple" />
            <root url="jrt:///home/najmul/.jdks/corretto-16.0.2!/jdk.security.jgss" type="simple" />
            <root url="jrt:///home/najmul/.jdks/corretto-16.0.2!/jdk.unsupported" type="simple" />
            <root url="jrt:///home/najmul/.jdks/corretto-16.0.2!/jdk.unsupported.desktop" type="simple" />
            <root url="jrt:///home/najmul/.jdks/corretto-16.0.2!/jdk.xml.dom" type="simple" />
            <root url="jrt:///home/najmul/.jdks/corretto-16.0.2!/jdk.zipfs" type="simple" />
          </root>
        </classPath>
        <javadocPath>
          <root type="composite" />
        </javadocPath>
        <sourcePath>
          <root type="composite">
            <root url="jar://$USER_HOME$/.jdks/corretto-16.0.2/lib/src.zip!/java.se" type="simple" />
            <root url="jar://$USER_HOME$/.jdks/corretto-16.0.2/lib/src.zip!/jdk.aot" type="simple" />
            <root url="jar://$USER_HOME$/.jdks/corretto-16.0.2/lib/src.zip!/jdk.jdi" type="simple" />
            <root url="jar://$USER_HOME$/.jdks/corretto-16.0.2/lib/src.zip!/jdk.jfr" type="simple" />
            <root url="jar://$USER_HOME$/.jdks/corretto-16.0.2/lib/src.zip!/jdk.net" type="simple" />
            <root url="jar://$USER_HOME$/.jdks/corretto-16.0.2/lib/src.zip!/java.rmi" type="simple" />
            <root url="jar://$USER_HOME$/.jdks/corretto-16.0.2/lib/src.zip!/java.sql" type="simple" />
            <root url="jar://$USER_HOME$/.jdks/corretto-16.0.2/lib/src.zip!/java.xml" type="simple" />
            <root url="jar://$USER_HOME$/.jdks/corretto-16.0.2/lib/src.zip!/jdk.jcmd" type="simple" />
            <root url="jar://$USER_HOME$/.jdks/corretto-16.0.2/lib/src.zip!/jdk.sctp" type="simple" />
            <root url="jar://$USER_HOME$/.jdks/corretto-16.0.2/lib/src.zip!/java.base" type="simple" />
            <root url="jar://$USER_HOME$/.jdks/corretto-16.0.2/lib/src.zip!/jdk.jdeps" type="simple" />
            <root url="jar://$USER_HOME$/.jdks/corretto-16.0.2/lib/src.zip!/jdk.jlink" type="simple" />
            <root url="jar://$USER_HOME$/.jdks/corretto-16.0.2/lib/src.zip!/jdk.zipfs" type="simple" />
            <root url="jar://$USER_HOME$/.jdks/corretto-16.0.2/lib/src.zip!/java.prefs" type="simple" />
            <root url="jar://$USER_HOME$/.jdks/corretto-16.0.2/lib/src.zip!/jdk.attach" type="simple" />
            <root url="jar://$USER_HOME$/.jdks/corretto-16.0.2/lib/src.zip!/jdk.jshell" type="simple" />
            <root url="jar://$USER_HOME$/.jdks/corretto-16.0.2/lib/src.zip!/jdk.jstatd" type="simple" />
            <root url="jar://$USER_HOME$/.jdks/corretto-16.0.2/lib/src.zip!/java.naming" type="simple" />
            <root url="jar://$USER_HOME$/.jdks/corretto-16.0.2/lib/src.zip!/jdk.editpad" type="simple" />
            <root url="jar://$USER_HOME$/.jdks/corretto-16.0.2/lib/src.zip!/jdk.jartool" type="simple" />
            <root url="jar://$USER_HOME$/.jdks/corretto-16.0.2/lib/src.zip!/jdk.javadoc" type="simple" />
            <root url="jar://$USER_HOME$/.jdks/corretto-16.0.2/lib/src.zip!/jdk.xml.dom" type="simple" />
            <root url="jar://$USER_HOME$/.jdks/corretto-16.0.2/lib/src.zip!/java.desktop" type="simple" />
            <root url="jar://$USER_HOME$/.jdks/corretto-16.0.2/lib/src.zip!/java.logging" type="simple" />
            <root url="jar://$USER_HOME$/.jdks/corretto-16.0.2/lib/src.zip!/jdk.charsets" type="simple" />
            <root url="jar://$USER_HOME$/.jdks/corretto-16.0.2/lib/src.zip!/jdk.compiler" type="simple" />
            <root url="jar://$USER_HOME$/.jdks/corretto-16.0.2/lib/src.zip!/jdk.dynalink" type="simple" />
            <root url="jar://$USER_HOME$/.jdks/corretto-16.0.2/lib/src.zip!/jdk.jconsole" type="simple" />
            <root url="jar://$USER_HOME$/.jdks/corretto-16.0.2/lib/src.zip!/jdk.jpackage" type="simple" />
            <root url="jar://$USER_HOME$/.jdks/corretto-16.0.2/lib/src.zip!/jdk.jsobject" type="simple" />
            <root url="jar://$USER_HOME$/.jdks/corretto-16.0.2/lib/src.zip!/java.compiler" type="simple" />
            <root url="jar://$USER_HOME$/.jdks/corretto-16.0.2/lib/src.zip!/java.net.http" type="simple" />
            <root url="jar://$USER_HOME$/.jdks/corretto-16.0.2/lib/src.zip!/jdk.crypto.ec" type="simple" />
            <root url="jar://$USER_HOME$/.jdks/corretto-16.0.2/lib/src.zip!/java.scripting" type="simple" />
            <root url="jar://$USER_HOME$/.jdks/corretto-16.0.2/lib/src.zip!/jdk.httpserver" type="simple" />
            <root url="jar://$USER_HOME$/.jdks/corretto-16.0.2/lib/src.zip!/jdk.jdwp.agent" type="simple" />
            <root url="jar://$USER_HOME$/.jdks/corretto-16.0.2/lib/src.zip!/jdk.localedata" type="simple" />
            <root url="jar://$USER_HOME$/.jdks/corretto-16.0.2/lib/src.zip!/jdk.management" type="simple" />
            <root url="jar://$USER_HOME$/.jdks/corretto-16.0.2/lib/src.zip!/jdk.naming.dns" type="simple" />
            <root url="jar://$USER_HOME$/.jdks/corretto-16.0.2/lib/src.zip!/jdk.naming.rmi" type="simple" />
            <root url="jar://$USER_HOME$/.jdks/corretto-16.0.2/lib/src.zip!/java.instrument" type="simple" />
            <root url="jar://$USER_HOME$/.jdks/corretto-16.0.2/lib/src.zip!/java.management" type="simple" />
            <root url="jar://$USER_HOME$/.jdks/corretto-16.0.2/lib/src.zip!/java.sql.rowset" type="simple" />
            <root url="jar://$USER_HOME$/.jdks/corretto-16.0.2/lib/src.zip!/java.xml.crypto" type="simple" />
            <root url="jar://$USER_HOME$/.jdks/corretto-16.0.2/lib/src.zip!/jdk.internal.ed" type="simple" />
            <root url="jar://$USER_HOME$/.jdks/corretto-16.0.2/lib/src.zip!/jdk.internal.le" type="simple" />
            <root url="jar://$USER_HOME$/.jdks/corretto-16.0.2/lib/src.zip!/jdk.nio.mapmode" type="simple" />
            <root url="jar://$USER_HOME$/.jdks/corretto-16.0.2/lib/src.zip!/jdk.unsupported" type="simple" />
            <root url="jar://$USER_HOME$/.jdks/corretto-16.0.2/lib/src.zip!/java.smartcardio" type="simple" />
            <root url="jar://$USER_HOME$/.jdks/corretto-16.0.2/lib/src.zip!/jdk.internal.opt" type="simple" />
            <root url="jar://$USER_HOME$/.jdks/corretto-16.0.2/lib/src.zip!/java.datatransfer" type="simple" />
            <root url="jar://$USER_HOME$/.jdks/corretto-16.0.2/lib/src.zip!/jdk.accessibility" type="simple" />
            <root url="jar://$USER_HOME$/.jdks/corretto-16.0.2/lib/src.zip!/jdk.hotspot.agent" type="simple" />
            <root url="jar://$USER_HOME$/.jdks/corretto-16.0.2/lib/src.zip!/jdk.security.auth" type="simple" />
            <root url="jar://$USER_HOME$/.jdks/corretto-16.0.2/lib/src.zip!/jdk.security.jgss" type="simple" />
            <root url="jar://$USER_HOME$/.jdks/corretto-16.0.2/lib/src.zip!/java.security.jgss" type="simple" />
            <root url="jar://$USER_HOME$/.jdks/corretto-16.0.2/lib/src.zip!/java.security.sasl" type="simple" />
            <root url="jar://$USER_HOME$/.jdks/corretto-16.0.2/lib/src.zip!/jdk.internal.vm.ci" type="simple" />
            <root url="jar://$USER_HOME$/.jdks/corretto-16.0.2/lib/src.zip!/jdk.management.jfr" type="simple" />
            <root url="jar://$USER_HOME$/.jdks/corretto-16.0.2/lib/src.zip!/java.management.rmi" type="simple" />
            <root url="jar://$USER_HOME$/.jdks/corretto-16.0.2/lib/src.zip!/java.transaction.xa" type="simple" />
            <root url="jar://$USER_HOME$/.jdks/corretto-16.0.2/lib/src.zip!/jdk.crypto.cryptoki" type="simple" />
            <root url="jar://$USER_HOME$/.jdks/corretto-16.0.2/lib/src.zip!/jdk.incubator.vector" type="simple" />
            <root url="jar://$USER_HOME$/.jdks/corretto-16.0.2/lib/src.zip!/jdk.internal.jvmstat" type="simple" />
            <root url="jar://$USER_HOME$/.jdks/corretto-16.0.2/lib/src.zip!/jdk.management.agent" type="simple" />
            <root url="jar://$USER_HOME$/.jdks/corretto-16.0.2/lib/src.zip!/jdk.incubator.foreign" type="simple" />
            <root url="jar://$USER_HOME$/.jdks/corretto-16.0.2/lib/src.zip!/jdk.unsupported.desktop" type="simple" />
            <root url="jar://$USER_HOME$/.jdks/corretto-16.0.2/lib/src.zip!/jdk.internal.vm.compiler" type="simple" />
            <root url="jar://$USER_HOME$/.jdks/corretto-16.0.2/lib/src.zip!/jdk.internal.vm.compiler.management" type="simple" />
          </root>
        </sourcePath>
      </roots>
      <additional />
    </jdk>
    <jdk version="2">
      <name value="jbr-11" />
      <type value="JavaSDK" />
      <version value="JetBrains Runtime version 11.0.13" />
      <homePath value="$APPLICATION_HOME_DIR$/jbr" />
      <roots>
        <annotationsPath>
          <root type="composite">
            <root url="jar://$APPLICATION_HOME_DIR$/plugins/java/lib/jdkAnnotations.jar!/" type="simple" />
          </root>
        </annotationsPath>
        <classPath>
          <root type="composite">
            <root url="jrt:///snap/intellij-idea-community/337/jbr!/gluegen.rt" type="simple" />
            <root url="jrt:///snap/intellij-idea-community/337/jbr!/java.base" type="simple" />
            <root url="jrt:///snap/intellij-idea-community/337/jbr!/java.compiler" type="simple" />
            <root url="jrt:///snap/intellij-idea-community/337/jbr!/java.datatransfer" type="simple" />
            <root url="jrt:///snap/intellij-idea-community/337/jbr!/java.desktop" type="simple" />
            <root url="jrt:///snap/intellij-idea-community/337/jbr!/java.instrument" type="simple" />
            <root url="jrt:///snap/intellij-idea-community/337/jbr!/java.logging" type="simple" />
            <root url="jrt:///snap/intellij-idea-community/337/jbr!/java.management" type="simple" />
            <root url="jrt:///snap/intellij-idea-community/337/jbr!/java.management.rmi" type="simple" />
            <root url="jrt:///snap/intellij-idea-community/337/jbr!/java.naming" type="simple" />
            <root url="jrt:///snap/intellij-idea-community/337/jbr!/java.net.http" type="simple" />
            <root url="jrt:///snap/intellij-idea-community/337/jbr!/java.prefs" type="simple" />
            <root url="jrt:///snap/intellij-idea-community/337/jbr!/java.rmi" type="simple" />
            <root url="jrt:///snap/intellij-idea-community/337/jbr!/java.scripting" type="simple" />
            <root url="jrt:///snap/intellij-idea-community/337/jbr!/java.se" type="simple" />
            <root url="jrt:///snap/intellij-idea-community/337/jbr!/java.security.jgss" type="simple" />
            <root url="jrt:///snap/intellij-idea-community/337/jbr!/java.security.sasl" type="simple" />
            <root url="jrt:///snap/intellij-idea-community/337/jbr!/java.smartcardio" type="simple" />
            <root url="jrt:///snap/intellij-idea-community/337/jbr!/java.sql" type="simple" />
            <root url="jrt:///snap/intellij-idea-community/337/jbr!/java.sql.rowset" type="simple" />
            <root url="jrt:///snap/intellij-idea-community/337/jbr!/java.transaction.xa" type="simple" />
            <root url="jrt:///snap/intellij-idea-community/337/jbr!/java.xml" type="simple" />
            <root url="jrt:///snap/intellij-idea-community/337/jbr!/java.xml.crypto" type="simple" />
            <root url="jrt:///snap/intellij-idea-community/337/jbr!/jcef" type="simple" />
            <root url="jrt:///snap/intellij-idea-community/337/jbr!/jdk.accessibility" type="simple" />
            <root url="jrt:///snap/intellij-idea-community/337/jbr!/jdk.aot" type="simple" />
            <root url="jrt:///snap/intellij-idea-community/337/jbr!/jdk.attach" type="simple" />
            <root url="jrt:///snap/intellij-idea-community/337/jbr!/jdk.charsets" type="simple" />
            <root url="jrt:///snap/intellij-idea-community/337/jbr!/jdk.compiler" type="simple" />
            <root url="jrt:///snap/intellij-idea-community/337/jbr!/jdk.crypto.cryptoki" type="simple" />
            <root url="jrt:///snap/intellij-idea-community/337/jbr!/jdk.crypto.ec" type="simple" />
            <root url="jrt:///snap/intellij-idea-community/337/jbr!/jdk.dynalink" type="simple" />
            <root url="jrt:///snap/intellij-idea-community/337/jbr!/jdk.hotspot.agent" type="simple" />
            <root url="jrt:///snap/intellij-idea-community/337/jbr!/jdk.httpserver" type="simple" />
            <root url="jrt:///snap/intellij-idea-community/337/jbr!/jdk.internal.ed" type="simple" />
            <root url="jrt:///snap/intellij-idea-community/337/jbr!/jdk.internal.jvmstat" type="simple" />
            <root url="jrt:///snap/intellij-idea-community/337/jbr!/jdk.internal.le" type="simple" />
            <root url="jrt:///snap/intellij-idea-community/337/jbr!/jdk.internal.vm.ci" type="simple" />
            <root url="jrt:///snap/intellij-idea-community/337/jbr!/jdk.internal.vm.compiler" type="simple" />
            <root url="jrt:///snap/intellij-idea-community/337/jbr!/jdk.internal.vm.compiler.management" type="simple" />
            <root url="jrt:///snap/intellij-idea-community/337/jbr!/jdk.jcmd" type="simple" />
            <root url="jrt:///snap/intellij-idea-community/337/jbr!/jdk.jdi" type="simple" />
            <root url="jrt:///snap/intellij-idea-community/337/jbr!/jdk.jdwp.agent" type="simple" />
            <root url="jrt:///snap/intellij-idea-community/337/jbr!/jdk.jfr" type="simple" />
            <root url="jrt:///snap/intellij-idea-community/337/jbr!/jdk.jsobject" type="simple" />
            <root url="jrt:///snap/intellij-idea-community/337/jbr!/jdk.localedata" type="simple" />
            <root url="jrt:///snap/intellij-idea-community/337/jbr!/jdk.management" type="simple" />
            <root url="jrt:///snap/intellij-idea-community/337/jbr!/jdk.management.agent" type="simple" />
            <root url="jrt:///snap/intellij-idea-community/337/jbr!/jdk.management.jfr" type="simple" />
            <root url="jrt:///snap/intellij-idea-community/337/jbr!/jdk.naming.dns" type="simple" />
            <root url="jrt:///snap/intellij-idea-community/337/jbr!/jdk.naming.rmi" type="simple" />
            <root url="jrt:///snap/intellij-idea-community/337/jbr!/jdk.net" type="simple" />
            <root url="jrt:///snap/intellij-idea-community/337/jbr!/jdk.pack" type="simple" />
            <root url="jrt:///snap/intellij-idea-community/337/jbr!/jdk.scripting.nashorn" type="simple" />
            <root url="jrt:///snap/intellij-idea-community/337/jbr!/jdk.scripting.nashorn.shell" type="simple" />
            <root url="jrt:///snap/intellij-idea-community/337/jbr!/jdk.sctp" type="simple" />
            <root url="jrt:///snap/intellij-idea-community/337/jbr!/jdk.security.auth" type="simple" />
            <root url="jrt:///snap/intellij-idea-community/337/jbr!/jdk.security.jgss" type="simple" />
            <root url="jrt:///snap/intellij-idea-community/337/jbr!/jdk.unsupported" type="simple" />
            <root url="jrt:///snap/intellij-idea-community/337/jbr!/jdk.xml.dom" type="simple" />
            <root url="jrt:///snap/intellij-idea-community/337/jbr!/jdk.zipfs" type="simple" />
            <root url="jrt:///snap/intellij-idea-community/337/jbr!/jogl.all" type="simple" />
          </root>
        </classPath>
        <javadocPath>
          <root type="composite">
            <root url="https://docs.oracle.com/en/java/javase/11/docs/api/" type="simple" />
          </root>
        </javadocPath>
        <sourcePath>
          <root type="composite" />
        </sourcePath>
      </roots>
      <additional />
    </jdk>
  </component>
</application>