<application>
  <component name="ProjectManager">
    <defaultProject>
      <component name="DefaultGradleProjectSettings">
        <option name="isMigrated" value="true" />
      </component>
      <component name="GradleLocalSettings">
        <option name="projectSyncType">
          <map>
            <entry key="$USER_HOME$/Documents/Work/Backend/Spring Boot/demo" value="PREVIEW" />
            <entry key="$USER_HOME$/Documents/Work/Backend/Spring Boot/ons" value="PREVIEW" />
            <entry key="$USER_HOME$/Documents/Work/Backend/SpringBoot/mysqlTest" value="PREVIEW" />
            <entry key="$USER_HOME$/Work/Backend/RabbitMQ/Projects/RabbitMQConsumer" value="PREVIEW" />
            <entry key="$USER_HOME$/Work/Backend/RabbitMQ/Projects/RabbitMQProducer" value="PREVIEW" />
            <entry key="$USER_HOME$/Work/Backend/RabbitMQ/Projects/rabbitMQConsumer" value="PREVIEW" />
            <entry key="$USER_HOME$/Work/Backend/RabbitMQ/Projects/rabbitmq.producerTest" value="PREVIEW" />
            <entry key="$USER_HOME$/Work/Backend/RabbitMQ/Projects/rabbitmqConsumerSimplePrinter" value="PREVIEW" />
            <entry key="$USER_HOME$/Work/Backend/RabbitMQ/Projects/rabbitmqProducer" value="PREVIEW" />
            <entry key="$USER_HOME$/Work/Backend/Spring Boot/BookManager" value="PREVIEW" />
            <entry key="$USER_HOME$/Work/Backend/Spring Boot/Microservice Tutorial/book-catalog-service" value="PREVIEW" />
            <entry key="$USER_HOME$/Work/Backend/Spring Boot/Microservice Tutorial/book-info-service" value="PREVIEW" />
            <entry key="$USER_HOME$/Work/Backend/Spring Boot/Microservice Tutorial/discovery-server" value="PREVIEW" />
            <entry key="$USER_HOME$/Work/Backend/Spring Boot/Microservice Tutorial/ratings-data-service" value="PREVIEW" />
            <entry key="$USER_HOME$/Work/Backend/Spring Boot/Test Projects/bookDemo" value="PREVIEW" />
            <entry key="$USER_HOME$/Work/Backend/Spring Boot/Test Projects/kotlindemo" value="PREVIEW" />
            <entry key="$USER_HOME$/Work/Backend/Spring Boot/exceptionValidationSecurity" value="PREVIEW" />
            <entry key="$USER_HOME$/Work/Backend/Spring Boot/flywayTest" value="PREVIEW" />
            <entry key="$USER_HOME$/Work/Backend/Spring Boot/liquibaseTest" value="PREVIEW" />
            <entry key="$USER_HOME$/Work/Backend/Spring Boot/lombokTestWith-Security-Lombok-Web-JPA-PostgreSQL" value="PREVIEW" />
            <entry key="$USER_HOME$/Work/Backend/SpringBoot/CourseManagement/course-api" value="PREVIEW" />
            <entry key="$USER_HOME$/Work/Backend/SpringBoot/CourseManagementAPI" value="PREVIEW" />
            <entry key="$USER_HOME$/Work/Backend/SpringBoot/course-api-with-apache-derby" value="PREVIEW" />
            <entry key="$USER_HOME$/Work/Spring Boot Tutorial/demo" value="PREVIEW" />
          </map>
        </option>
      </component>
      <component name="ProjectViewState">
        <option name="showExcludedFiles" value="true" />
        <option name="showLibraryContents" value="true" />
      </component>
      <component name="PropertiesComponent">
        <property name="settings.editor.selected.configurable" value="reference.projectsettings.compiler.annotationProcessors" />
      </component>
      <component name="masterDetails">
        <states>
          <state key="ProjectJDKs.UI">
            <settings>
              <last-edited>1.8</last-edited>
              <splitter-proportions>
                <option name="proportions">
                  <list>
                    <option value="0.2" />
                  </list>
                </option>
              </splitter-proportions>
            </settings>
          </state>
        </states>
      </component>
    </defaultProject>
  </component>
</application>